Pos,Active,Inactive
-1000,1.0442317071415128,0.9596864950089227
-999,1.0427347279730295,0.9581344950766789
-998,1.039146976811545,0.9623210628827412
-997,1.0366374169077193,0.9681505731173924
-996,1.0377552651223683,0.9653163183303106
-995,1.0352269666535512,0.9691271640005565
-994,1.03548629794802,0.9726696241469611
-993,1.0347490055220467,0.9780007856232781
-992,1.0353257457415261,0.9778060231889998
-991,1.0384449646586462,0.982581689244225
-990,1.0393761140959603,0.9845293050720578
-989,1.0419698925245373,0.9851811982336499
-988,1.0412973960240681,0.9871854356357029
-987,1.0396793513070968,0.989819986479623
-986,1.0415142490750264,0.9888513826188587
-985,1.042524530774071,0.99146454674857
-984,1.041811534336635,0.9946071874527704
-983,1.0382831607546126,1.0006432164283026
-982,1.0354290916806175,1.001000199999128
-981,1.0377237740017118,1.0022592260724021
-980,1.0354124023800804,0.9979125147774105
-979,1.0342615218389601,0.9972594068163916
-978,1.0373709883008684,0.9966617169834318
-977,1.0401448749360582,0.9973027393931433
-976,1.0378040075302124,0.9975778063138325
-975,1.0331066733314875,0.9992137721606661
-974,1.0361220552807762,1.0006944139798482
-973,1.0357707965941654,1.0009512503941853
-972,1.0342010770525252,0.998873253663381
-971,1.034964328720456,0.9985675982066563
-970,1.0337424789156233,0.9976213773091634
-969,1.0345479647318523,0.9975713604972475
-968,1.0353306588672455,1.00130786214556
-967,1.0380137874966575,1.0011419568743023
-966,1.0406102623258318,1.0003543496131897
-965,1.0414927459898449,0.9975416121028718
-964,1.0397397336505707,0.9978306548936027
-963,1.0402508349645705,0.9975002918924604
-962,1.0387682375453766,0.9949671455792017
-961,1.0412076796804157,0.9941082738694691
-960,1.041046576840537,0.9897253853934151
-959,1.042403411297571,0.9893498392332168
-958,1.047729574498676,0.9871423868905931
-957,1.0469437809217543,0.986604616755531
-956,1.049502982979729,0.9834818641344706
-955,1.0523068535895574,0.9782028794288635
-954,1.0527810000237965,0.9791399950072878
-953,1.0516213661148435,0.9792484243710835
-952,1.05348816655931,0.9837058016232081
-951,1.0557074859028768,0.9856168173608324
-950,1.0570230682690935,0.9870338127726599
-949,1.0577492401713418,0.9835638205210369
-948,1.0574359013920738,0.9820956474258786
-947,1.0607949126334415,0.9791290589741298
-946,1.059021112464723,0.9766022222382682
-945,1.0583526492118835,0.9740952395257496
-944,1.0573294020834423,0.9790401827721369
-943,1.0588405785106478,0.9790610869725545
-942,1.058237402212052,0.9804313920793079
-941,1.0632647219158353,0.9837190423692974
-940,1.062371225584121,0.9864569703737894
-939,1.063197544642857,0.9869316418965656
-938,1.0636022034145536,0.9903821803274607
-937,1.0606072800500053,0.9918274567240759
-936,1.0595214650744482,0.9957827130953468
-935,1.0559164796556746,0.9973470710572742
-934,1.0581016881125311,1.0012008122035434
-933,1.058196289198739,1.0022838768504916
-932,1.0605706714448473,1.003228213105883
-931,1.0621575855073475,0.993909838653746
-930,1.06243934517815,0.9959065545172919
-929,1.0616298743656705,0.9966161279451279
-928,1.0626918304534185,1.0017881109600975
-927,1.0608260688327606,1.005681330249423
-926,1.0586416948409305,1.0080210594903856
-925,1.063433051109314,1.0111118242854162
-924,1.065554902667091,1.014346361160278
-923,1.0679014126459758,1.0118255359785897
-922,1.0665926081793649,1.0152916681198847
-921,1.0686503024328322,1.0216811895370483
-920,1.0677543481190999,1.0190308037258329
-919,1.069165297916957,1.0230810812541415
-918,1.0662246942520144,1.0261244859014238
-917,1.0652803863797868,1.0254311930565607
-916,1.0621910776410783,1.0280304607890902
-915,1.062682373183114,1.0269960363705954
-914,1.0608538729803902,1.0275265006791978
-913,1.058572559129624,1.0266836001759483
-912,1.0595846346446445,1.0235272248586018
-911,1.056554839724586,1.0199530380112785
-910,1.050828096412477,1.024336829071953
-909,1.0480417211850486,1.024693128608522
-908,1.0457713802655537,1.023595460823604
-907,1.0428080416861034,1.0230084175155276
-906,1.041862797169458,1.0221654715992157
-905,1.0400312940279641,1.0238451872553145
-904,1.034896964118594,1.0261348968460446
-903,1.0302789693786985,1.0249531070391338
-902,1.0272788405418396,1.0292125656491236
-901,1.0252275012788319,1.0279380026317777
-900,1.022248903910319,1.0215593519664947
-899,1.0216148524057298,1.018889571939196
-898,1.0180324145725796,1.0125364632833571
-897,1.015924876644498,1.01174939814068
-896,1.0146171677680242,1.012454765183585
-895,1.012666900952657,1.0107290347417195
-894,1.0109125091916038,1.0111109188624792
-893,1.0113458633422852,1.0095735618046353
-892,1.0082520501954215,1.0113252855482555
-891,1.0067957355862571,1.015769138222649
-890,1.0046918789545696,1.0157737845466248
-889,1.0069395843006315,1.0146624729746863
-888,1.0059307785261242,1.0127459878013245
-887,1.0078849707330975,1.0143657865978422
-886,1.0076843528520492,1.0101502111979892
-885,1.0067464141618636,1.0081896895454043
-884,1.004784033412025,1.0065213385082425
-883,1.0048501150948659,1.0069776546387446
-882,1.004966364020393,1.0077987682251703
-881,1.0039632292020888,1.002291977405548
-880,1.0031681458155313,0.9981674977711269
-879,1.003969663665408,0.993497093518575
-878,1.0020976492336817,0.9937635858853657
-877,1.0042718790826344,0.9992599317005701
-876,1.0051237060910179,1.0005128951299758
-875,1.004399367741176,0.9961991565568106
-874,1.005339122953869,0.9950143723260788
-873,1.0031460551988511,0.9954400630224318
-872,1.0060212470236278,0.9952158076422554
-871,1.0087327673321678,0.9929952536310467
-870,1.009729075999487,0.9898986362275622
-869,1.0111863017082214,0.9902970109667096
-868,1.0107536230768477,0.992194564569564
-867,1.013502265725817,0.9924246299834478
-866,1.0079188488778612,0.9892082100822811
-865,1.0048286006564184,0.9912078607650029
-864,1.0047197909582228,0.9907747592244828
-863,1.0040990454810004,0.9870577057202656
-862,1.0022686123847961,0.9835889197531199
-861,1.0023353468804133,0.9857365943136669
-860,1.0018803874651592,0.986492355664571
-859,1.0009651893661136,0.9927715942973183
-858,0.9994453674270992,0.9902953988029843
-857,0.9988997777303059,0.9908330241839092
-856,0.9961195417812891,0.9895640469732739
-855,0.9941179582050867,0.9896399861290341
-854,0.9917223652203877,0.9949835169883002
-853,0.9901230392001924,0.9944620047296797
-852,0.9896081402188256,0.9937581192879451
-851,0.986314614613851,0.9908102296647572
-850,0.9855032761891683,0.9907138376008897
-849,0.9838654427301315,0.9932877392995926
-848,0.9843486433937436,0.9959098498026528
-847,0.9823989868164062,0.9954220056533813
-846,0.9763623447645279,0.9928344857125054
-845,0.9781273149308705,0.996150201275235
-844,0.9787415124121167,0.9940294878823416
-843,0.9802081613313585,0.9975116338048663
-842,0.9814537791978746,1.0016757051150003
-841,0.9815707802772523,1.0033769011497498
-840,0.9816571048327856,1.0013428216888791
-839,0.9805967467171804,1.0029048579079762
-838,0.9795260713213966,0.9990280043511163
-837,0.9788752595583597,1.003152018501645
-836,0.9773416973295665,1.0079050603367032
-835,0.979341617652348,1.0054220585595992
-834,0.980754392487662,1.002683006581806
-833,0.9811009622755503,0.9981828927993772
-832,0.9822967733655655,0.998983031227475
-831,0.9841086268424986,0.9969237446784971
-830,0.9832834204037983,0.9968809116454351
-829,0.9809943607875278,0.9960457597460065
-828,0.9817972694124492,0.9917862585612705
-827,0.9808616978781562,0.9894847131910779
-826,0.9782135855583916,0.986651292869023
-825,0.9819313287734984,0.9893103213537308
-824,0.9817531279155186,0.9868421469415937
-823,0.9848840009598505,0.9876363589650108
-822,0.9813961301531109,0.9842390787033807
-821,0.9820572790645417,0.9826606966200327
-820,0.982305762313661,0.9827855598358879
-819,0.9829175273577371,0.9811221872057232
-818,0.9858132089887346,0.9823206634748549
-817,0.9887441396713257,0.9827522550310407
-816,0.9870440165201821,0.9848514000574747
-815,0.9867142665953863,0.9793530191693987
-814,0.9873855284282138,0.9806511203447976
-813,0.985777993996938,0.9824748408226739
-812,0.989061985697065,0.9797064661979674
-811,0.9872000189054579,0.9809068242708842
-810,0.9859730799992878,0.980470631803785
-809,0.9878159647896176,0.9805735576720465
-808,0.991250285080501,0.981522670813969
-807,0.991253492378053,0.98243396622794
-806,0.9898426788193838,0.9831600700105938
-805,0.9949888388315836,0.98771428778058
-804,0.9941002300807408,0.9875281282833643
-803,0.9931651211920238,0.9904314676920573
-802,0.9918227394421895,0.9952555639403207
-801,0.9944958090782166,0.995889215242295
-800,0.9927616459982738,0.9942220562980288
-799,0.9949000108809699,0.9928782099769229
-798,0.9947816474097116,0.9930129051208495
-797,0.9938500211352395,0.9906288328624906
-796,0.9927408581688292,0.9901141950062342
-795,0.9949179689089458,0.9873106139046804
-794,0.9970449720110213,0.992710794721331
-793,0.9967378264381773,0.9910233843894232
-792,1.0009836043630327,0.9925024935177393
-791,0.9989479127384366,0.9959604938824971
-790,0.9981699727830432,0.9912194496109371
-789,1.0007730353446234,0.9908252670651388
-788,0.9970375299453734,0.9947734645434787
-787,0.995632358959743,0.9908282444590613
-786,0.9944298210598173,0.9935461453029086
-785,0.9962080887385777,0.9950190896079653
-784,0.994307830220177,0.9944662366594587
-783,0.9948101384299141,0.9944791055860973
-782,0.9997175080435615,0.9909062272026424
-781,1.002541212808518,0.9862245519955952
-780,1.0012675495374768,0.985651277360462
-779,1.0056680100304738,0.9909364268893286
-778,1.0053612561452956,0.990247232573373
-777,1.00571300302233,0.9898562062354314
-776,1.0064829815001715,0.9914249295280092
-775,1.0095998729978288,0.992460080555507
-774,1.0091201776549927,0.9955571435746692
-773,1.0087131602423531,0.9912756766591753
-772,1.0071550068401154,0.9902364583242507
-771,1.0064527165322077,0.9915645349593387
-770,1.0082049057597207,0.9927584188325063
-769,1.012488021737053,0.9993614355723062
-768,1.0114386081695557,0.9985463221867877
-767,1.011841282958076,0.9963033625057763
-766,1.0124902640070232,1.0006681453614008
-765,1.0163896396046592,1.0027814706166585
-764,1.016843100388845,1.0027379138129098
-763,1.0184368320873805,0.9998195795785811
-762,1.0207498158727375,1.0026501814524331
-761,1.0198073358762831,1.0029445602780296
-760,1.0165502712840127,1.0061647295951843
-759,1.0178666852769398,1.0031037500926425
-758,1.0160316228866577,0.9985862374305725
-757,1.0159146785736082,0.9990631540616354
-756,1.0141705927394684,1.0024629263650804
-755,1.0125863495327174,1.003440655413128
-754,1.0092827195212952,1.0043083003589084
-753,1.0090777306329637,1.0013809771764846
-752,1.0106046398480732,1.0017252905028207
-751,1.0122360388437908,1.000822413535345
-750,1.0111067976270403,0.9997958909897576
-749,1.0104561135882422,0.9998055668104261
-748,1.0128614959262665,0.998463043144771
-747,1.0127690037091572,1.0007307018552507
-746,1.0124694023813519,0.9997783189728147
-745,1.0119691377594355,1.000898636522747
-744,1.0083038154102504,0.9965288128171649
-743,1.0076874863533745,0.9930334091186525
-742,1.004286059311458,0.9908407642727807
-741,1.0040100443930853,0.9861287134034293
-740,1.0002893266223725,0.9860498536200749
-739,1.0014120624178933,0.9848264995075406
-738,1.0008477795691717,0.9896088469596135
-737,0.9988933744884672,0.9904856795356386
-736,0.99769427662804,0.9901912325904483
-735,0.9994415186700366,0.9863335717292059
-734,1.0015264522461664,0.9883233393941606
-733,1.0015524171647572,0.9866101032211666
-732,1.0027877347809928,0.9870780649639309
-731,1.0006373467899503,0.9881214584623061
-730,0.9984483463423592,0.9894172009967619
-729,0.9987383314541407,0.9896604333605082
-728,0.9948325582912989,0.9935125027384074
-727,0.9916308124860127,0.9935714772769382
-726,0.9904107933952694,0.9938074463889711
-725,0.9914639535404385,0.9976263386862618
-724,0.9882948256674265,0.9989156836555118
-723,0.9890757458550588,0.9964861699513026
-722,0.9876744094349088,1.0007281416938418
-721,0.9865659787541343,1.0053836504618325
-720,0.9840154108547028,1.0080056900069825
-719,0.9846758927617753,1.0131819957778565
-718,0.982317044621422,1.0136814372880116
-717,0.9815772033873057,1.0124687325386772
-716,0.9820310047694614,1.013463170755477
-715,0.9807462805793399,1.0125531185240975
-714,0.9753858220009575,1.0165453099069142
-713,0.9723287877582368,1.0175027762140547
-712,0.9700729080608912,1.0168719178154355
-711,0.9685476904823666,1.0217231512069702
-710,0.9659584306535266,1.0236462070828392
-709,0.9650160414831978,1.0258291590781439
-708,0.9630538565771919,1.025082114196959
-707,0.9645505802971974,1.0240768506413414
-706,0.9618925395466031,1.0240298083850317
-705,0.9601332488514126,1.0238519992147173
-704,0.9631534076872325,1.019512292884645
-703,0.9617502462296258,1.0158659106209165
-702,0.9570552394503639,1.0182860238211495
-701,0.9561375521478199,1.01596029315676
-700,0.9584607822554452,1.0175834752264477
-699,0.9564298618407476,1.0155463048389979
-698,0.9542303142093477,1.0114289124806723
-697,0.9531097979772659,1.0128420704887027
-696,0.9551370285806201,1.0126226459230696
-695,0.9510522910526821,1.012630439939953
-694,0.9519878569103423,1.016755685919807
-693,0.9536531539190383,1.0128155293918792
-692,0.95301658198947,1.01050576425734
-691,0.9549142179035006,1.014153003692627
-690,0.9546575092134022,1.0110083875201998
-689,0.957390722774324,1.0034769205819993
-688,0.9553476628803071,1.0029301785287403
-687,0.9539860259918941,1.0016249758856637
-686,0.9536946983564468,0.9992971477054414
-685,0.9550533351444064,1.0027097633906772
-684,0.9534562428792318,1.0044464554105486
-683,0.9470514825412205,1.0093535355159213
-682,0.9478144305092948,1.012555590697697
-681,0.9472636977831522,1.0180190120424542
-680,0.9466030427387782,1.018707459881192
-679,0.943150920527322,1.0156093126251582
-678,0.9420549614088876,1.0172027235939387
-677,0.9435525848751976,1.0189630020232425
-676,0.9418234796751113,1.016741667475019
-675,0.9376713974135262,1.017121076583862
-674,0.9355301913760957,1.0119609946296328
-673,0.9351502515020824,1.0091071412676855
-672,0.9352614936374483,1.0139286461330594
-671,0.933514206182389,1.012745079540071
-670,0.932173348608471,1.0086595302536372
-669,0.9286988774935403,1.0077914198239644
-668,0.92744338228589,1.0122544169425964
-667,0.92762116307304,1.0125998712721325
-666,0.9260678206171307,1.0150860406103588
-665,0.9229875689461117,1.017024497191111
-664,0.9194545802615937,1.0121486896560303
-663,0.9178686454182579,1.0109529239790778
-662,0.920432156040555,1.0099689250900632
-661,0.9199117422103882,1.009108733563196
-660,0.921356133052281,1.0056974972997395
-659,0.9208861106917974,1.0040987531344097
-658,0.9200180087770736,1.0084812499227978
-657,0.9200142224629722,1.0114733122643969
-656,0.9184869016919818,1.010505111444564
-655,0.9196453605379377,1.0105158062208264
-654,0.9205185941287448,1.0080064705439975
-653,0.9230247281846544,1.0139834483464558
-652,0.9188553662527174,1.013958181653704
-651,0.9189256827036538,1.0117498352414085
-650,0.9200122924078077,1.0107563932736714
-649,0.9185461373556226,1.011850044840858
-648,0.9208813763800121,1.0101686347098577
-647,0.9194001072929018,1.009587321962629
-646,0.9196837970188685,1.0098418565023513
-645,0.9214045916284833,1.0077564063526334
-644,0.9210552033923921,1.005606892563048
-643,0.922676390125638,1.0035543668837774
-642,0.9257983139583043,1.0078624203091575
-641,0.9242264827092489,1.0054239290101186
-640,0.9242576758066813,1.0022630719911485
-639,0.9243798255920409,1.0012071473257882
-638,0.9226601010277157,1.003749512490772
-637,0.9235659014611016,1.0025377160026911
-636,0.9227616503125144,1.0028942142214092
-635,0.9224541471118017,1.0037470374788555
-634,0.9219031447455995,1.005766709645589
-633,0.9208303264209201,1.005285294283004
-632,0.9215625183922904,1.0021361112594604
-631,0.923129161198934,1.0033624910172962
-630,0.9234646870976403,0.999704917271932
-629,0.9236557086308798,0.9970428375970748
-628,0.9248346601213727,0.9984337318511235
-627,0.9245143220538186,0.9997442194393703
-626,0.9267614909580776,0.9996548266637892
-625,0.9278614407493954,0.9965532677514213
-624,0.9281762951896303,0.9947698542049953
-623,0.9309964605740138,0.9944569071133931
-622,0.9321959898585364,0.9948730866114297
-621,0.9324025937489099,0.9884353308450606
-620,0.9329265668278647,0.9904616304806299
-619,0.9342777019455317,0.9913607296489533
-618,0.9345142727806454,0.9902153866631643
-617,0.9372421417917522,0.9849374038832528
-616,0.9373035572824022,0.9793069163958231
-615,0.9387165052550178,0.9770894476345607
-614,0.9403944185801913,0.9748824267160325
-613,0.9404490107581728,0.9704719185829161
-612,0.9412283358119783,0.9747161269187926
-611,0.9429634667578197,0.9754285244714644
-610,0.9424477872394379,0.974058809734526
-609,0.9437867147581916,0.9767002832321893
-608,0.94217772710891,0.9787023691903975
-607,0.9414650826227097,0.9765067157291231
-606,0.9422428835005988,0.9803693635123116
-605,0.9403595413480488,0.9777996227854774
-604,0.9383333552451362,0.9795344613847279
-603,0.9385492375918797,0.980123446101234
-602,0.9384308599290394,0.9814206872667586
-601,0.9362070560455323,0.9840504697390966
-600,0.9366322415215628,0.9850661130178541
-599,0.9362615460441225,0.983264420713697
-598,0.9345745217232475,0.9862646006402515
-597,0.9375880020005362,0.9887714357603165
-596,0.9393640217326935,0.9926697186061314
-595,0.9404014377366928,0.9958624385652088
-594,0.9420480046953473,0.9920673256828672
-593,0.9423527121543883,0.9970103473890396
-592,0.9438126285870869,0.9971992316700163
-591,0.9426416470890953,0.9933297946339562
-590,0.9394658662023998,0.9946342507998149
-589,0.9413190058299473,0.9938794402849107
-588,0.9405121519452049,0.9975589088031224
-587,0.943499377795628,0.9969364773659479
-586,0.9442395227296011,0.9987904486202058
-585,0.946614004316784,0.9944172246115548
-584,0.9486934429123287,1.000094433625539
-583,0.9496554391724723,0.9993492450032915
-582,0.9517731013752165,1.0010717397644406
-581,0.9513584517297289,0.9989622320447648
-580,0.9537273702167328,0.9985298514366149
-579,0.9534169407117933,0.997491044657571
-578,0.9556844319616045,0.997535072621845
-577,0.9573357786451067,0.9950336104347592
-576,0.9571050405502318,0.992131871836526
-575,0.9541457494099934,0.9936579096884957
-574,0.9520296000298999,0.9954170925276621
-573,0.9524208222116742,0.9971065719922384
-572,0.9513799519765944,0.994414156391507
-571,0.9496325453122455,0.9934775829315186
-570,0.9493010271163212,0.9927861747287569
-569,0.951872116043454,0.992106659071786
-568,0.9540979493231998,0.9934957538332257
-567,0.9531893900462557,0.9916661466870988
-566,0.9544858364831832,0.9915665899004253
-565,0.9587863655317397,0.9891762336095173
-564,0.9556183900151933,0.9913547975676399
-563,0.9547759975705827,0.9906557088806515
-562,0.9537767086710248,0.9918302723339625
-561,0.9499359216008867,0.9899319807688395
-560,0.9503139967010135,0.9941375170435224
-559,0.948730917203994,0.9953353773979914
-558,0.9515327300344194,0.9984655323482695
-557,0.9512957731882731,1.000547462985629
-556,0.9509590977714174,1.0000200072924295
-555,0.9476923914182752,1.000241273925418
-554,0.9459446072578429,0.996642856370835
-553,0.947743447054,0.9934719659033274
-552,0.9450604603404089,0.9914518367676507
-551,0.9465707483745756,0.9921833163216001
-550,0.9429596804437183,0.9944864965620493
-549,0.9428766937482923,0.9989572309312366
-548,0.9408347833724249,1.0002933683849515
-547,0.937966017496018,0.9965958453360058
-546,0.9369385810125442,0.993881344795227
-545,0.9323465966043019,0.9938135516075861
-544,0.9253776385670617,0.9925268235660734
-543,0.9224300412904649,0.9911412710235231
-542,0.9204792181650797,0.9887858629226685
-541,0.9192688323202587,0.9881078146752856
-540,0.918536487079802,0.9897213322775704
-539,0.9170815689223152,0.9888904889424642
-538,0.9152880169096446,0.9874538750875564
-537,0.909536117599124,0.9906956752141317
-536,0.9057469481513614,0.9883251303718203
-535,0.9061003185453868,0.9903306137947809
-534,0.906048624288468,0.9901716992968604
-533,0.9050248265266417,0.9902740660167876
-532,0.9030282554172333,0.9896306338764373
-531,0.9009157873335338,0.9916767392839704
-530,0.897271970907847,0.9896492163340251
-529,0.9023617931774683,0.9907231103806269
-528,0.9014972618647983,0.989218132836478
-527,0.901637554168701,0.9873930528050376
-526,0.9008827578453789,0.9898378962562198
-525,0.9013979860714502,0.9918470808437891
-524,0.9027294175965445,0.9936445185116358
-523,0.9041780545597984,0.9960881216185432
-522,0.9078089765139988,0.9955492814381917
-521,0.9058740735054016,0.9940909090496244
-520,0.9062997840699695,0.996193215960548
-519,0.9054100740523564,0.9958449261529104
-518,0.9052584142912001,0.9930178948811123
-517,0.9041213648659842,0.9935377978143238
-516,0.9084900277001516,0.9896623435474576
-515,0.9094370206197102,0.9901571983382814
-514,0.906847508180709,0.9886851197197323
-513,0.9036382408369155,0.9891656041145324
-512,0.903490214120774,0.9861828344208853
-511,0.9028128868057613,0.9890167911847433
-510,0.9066433367275056,0.9905080539839609
-509,0.9059982526870002,0.9922155170213608
-508,0.902412488347008,0.9946447412172953
-507,0.9009537526539394,0.9972480166526068
-506,0.8975050591287158,0.9983391506331307
-505,0.8984719287781489,1.00192444948923
-504,0.897120095434643,1.0031484677678064
-503,0.8959871615682329,1.0031095629646662
-502,0.8927852795237585,1.0071971643538702
-501,0.8877332125391277,1.0086684368905567
-500,0.8887584635189602,1.0120898825781686
-499,0.8866498158091589,1.010455764475323
-498,0.8873880420412333,1.0093730631328763
-497,0.8858190973599751,1.0099292652947562
-496,0.8851568244752429,1.011199216047923
-495,0.8838266219411577,1.008753206048693
-494,0.8818649933451698,1.0091425776481628
-493,0.8805167731784639,1.011816802478972
-492,0.8836165013767424,1.0118882826396396
-491,0.8865438472656976,1.0168491772242954
-490,0.8854337448165529,1.0172296762466428
-489,0.8813820282618204,1.0165747574397495
-488,0.8813823092551458,1.0115671101070585
-487,0.8825066004480634,1.0089255855196997
-486,0.8826617059253509,1.006221748533703
-485,0.8836510209810166,1.0033579639026098
-484,0.8787682255109152,1.0004418549083527
-483,0.8764432895751226,1.001016046319689
-482,0.8723991683551243,1.00051353375117
-481,0.8743034743127369,0.9980339067322866
-480,0.8754024250166756,0.997801641623179
-479,0.8751118495350793,0.9982726829392569
-478,0.8783300036475772,0.9959114222299483
-477,0.8776027219636099,0.9962826456342424
-476,0.8759126180694216,0.9940968212627228
-475,0.8754873616354806,0.9960764561380658
-474,0.8726790263539268,0.9995267930484952
-473,0.8759724327496118,0.9994840792247227
-472,0.8748787613142104,0.9942723030135745
-471,0.8724998349235171,0.9929090624763851
-470,0.8733467147463844,0.9902912009330023
-469,0.8739778058869498,0.9915380052157812
-468,0.8750834323111035,0.9888577574775332
-467,0.8751940187953767,0.9956233898798624
-466,0.8733135291508266,0.9944365734145755
-465,0.8738694474810647,0.9920099689846947
-464,0.8745705882708232,0.9956089144661312
-463,0.8776489098866781,0.9943288734980992
-462,0.8810302728698368,0.9961301315398443
-461,0.8818484544754029,0.9990330281711758
-460,0.8810173358236041,0.9978126344226654
-459,0.8809785048166912,0.9963013274329048
-458,0.8824951336497352,0.9962382486888339
-457,0.8813993419919693,1.0005448432195754
-456,0.8803949838592892,1.0041306898707436
-455,0.882807725951785,1.0077915589014692
-454,0.883791889463152,1.0052529232842582
-453,0.884123228845142,1.0046128942852928
-452,0.8819452893166314,1.0053212103389557
-451,0.8836966525940668,1.0083526656741189
-450,0.8846311938195002,1.009067864645095
-449,0.8831576903661091,1.0127043922742207
-448,0.8843019264084953,1.0133630519821533
-447,0.8856416628474281,1.0158848876044864
-446,0.8852838703564234,1.0116755621773856
-445,0.8870367010434469,1.011870108899616
-444,0.891054059777941,1.0144575096312023
-443,0.8906597182864234,1.0187239476612635
-442,0.8921836756524585,1.0206381650198073
-441,0.8908911886669341,1.0154259488696142
-440,0.8922731791223798,1.0141139654886155
-439,0.8940021906580242,1.013630597364335
-438,0.8969577125140598,1.0132088292212713
-437,0.8970965203784761,1.0081897236052013
-436,0.8999628509793962,1.0088246152514504
-435,0.8996259513355437,1.0101405552455358
-434,0.8991802448318118,1.0087773203849792
-433,0.9004202172869727,1.007253646850586
-432,0.9020548179036094,1.006294806798299
-431,0.9027379807971773,1.0039731916927157
-430,0.9045231711296807,1.0014326061521257
-429,0.9073446307863506,1.0012415136609758
-428,0.9100120919091359,1.0020030793689547
-427,0.910867568992433,0.9987173875172933
-426,0.9117849071820576,0.9984415883109684
-425,0.9135194023450215,0.9983383984792801
-424,0.9127792829558962,0.9989601884569441
-423,0.9107788375445774,0.9979024699756077
-422,0.9132665764717828,0.9964518688973926
-421,0.9138472562744503,0.992317205383664
-420,0.9142386175337291,0.9922787830943152
-419,0.9164274391673859,0.9903257773036048
-418,0.9168881660416011,0.9919097508702959
-417,0.9192579076403662,0.9950293785049802
-416,0.9165709870202199,0.996921459833781
-415,0.9148697427340916,0.9942600017502194
-414,0.918730792545137,0.992214268162137
-413,0.9201446913537527,0.9912379242125011
-412,0.9205079646337601,0.9891974500247409
-411,0.9196081899461293,0.9860084369069053
-410,0.919593754268828,0.9836702006203788
-409,0.9188876066889081,0.9871125590233576
-408,0.91612214133853,0.9872057494663057
-407,0.914800450915382,0.9865617184411912
-406,0.9152489900588988,0.9846099558330718
-405,0.9146206804684229,0.9814282740865435
-404,0.915057293006352,0.9818658459754218
-403,0.915171464284261,0.982518766607557
-402,0.9155126810073851,0.9805386548950558
-401,0.9159098267555236,0.9777828596887134
-400,0.9149551164536248,0.9770849347114562
-399,0.9146633971305119,0.9773401901835486
-398,0.9166514249075026,0.9786483475140162
-397,0.9188962408474514,0.9803350000154403
-396,0.9132941592307318,0.9797840373856679
-395,0.9144196283249627,0.9747302872794014
-394,0.9118371889704748,0.975104925178346
-393,0.9103425201915558,0.9728681218056451
-392,0.9081732119832718,0.9763185892786297
-391,0.9092072759355817,0.9795418438457306
-390,0.909912884235382,0.9828551581927708
-389,0.909561670961834,0.9885305535225641
-388,0.9101502043860299,0.9874494643438431
-387,0.9101289028213138,0.9916993720190868
-386,0.9079788980029878,0.9901187533424015
-385,0.9071813424428304,0.9912297895976475
-384,0.906112477892921,0.990425067288535
-383,0.9044043705576943,0.991355456057049
-382,0.9039899735223679,0.9885253963016327
-381,0.9025262622606186,0.9866084995723905
-380,0.9003941558656238,0.986135068393889
-379,0.8995187708309718,0.9904301989646185
-378,0.89801458801542,0.9919407992135911
-377,0.8951342787061417,0.99244605359577
-376,0.8914549719719659,0.9898076284499395
-375,0.8920614889689853,0.9888235955011278
-374,0.8913788142658414,0.9945892180715288
-373,0.8928776865913752,0.9944018012001401
-372,0.8919499630019777,0.9913606700443086
-371,0.8918029751096452,0.9880048433939617
-370,0.8904922093663896,0.9886805613835652
-369,0.887147843837738,0.9863916550363812
-368,0.8866435658364069,0.9865109097389946
-367,0.8842727201325554,0.9830096250488644
-366,0.8835939168930055,0.9822377278691246
-365,0.8800581665266128,0.9814774365652175
-364,0.8759958687282745,0.9835195768447149
-363,0.8743159515517098,0.9875143652870543
-362,0.8743342700458707,0.9864942261150906
-361,0.8716220742180234,0.9886128249622528
-360,0.8705557471229916,0.9918219532285418
-359,0.8677941362063089,0.9935111772446406
-358,0.8644027426129295,0.9881618278367179
-357,0.8608864914803278,0.9843893079530625
-356,0.8580218156178792,0.9828694462776183
-355,0.85499084847314,0.979920106274741
-354,0.8547672373907905,0.9784643962269738
-353,0.852079811550322,0.975782743522099
-352,0.8480743964513141,0.9754384898004078
-351,0.8443664425895325,0.9812165300051372
-350,0.8417484504835946,0.9817086883953641
-349,0.8359517540250506,0.9802069209870838
-348,0.834737059615907,0.9855015703610012
-347,0.8326109051704407,0.9851570725440979
-346,0.8319440058299472,0.988471976348332
-345,0.8281028895151046,0.9839454605465843
-344,0.8290336614563351,0.9842722501073565
-343,0.8258605173655917,0.9843693262054806
-342,0.8244379843984331,0.9826464993613105
-341,0.8229583161217826,0.9805167771521068
-340,0.8251868174189614,0.985187950588408
-339,0.8198981767609007,0.9821022124517531
-338,0.8175202806790669,0.9814788670766921
-337,0.816655919665382,0.983202494326092
-336,0.8172367357072376,0.9803412698564075
-335,0.8119110096068609,0.9781934959547859
-334,0.810055721373785,0.9845429630506606
-333,0.8061552899224418,0.9896605781146458
-332,0.8058688527061825,0.9959689747719537
-331,0.8029661263738359,0.9974768105007353
-330,0.8012894902910503,0.9937272469202677
-329,0.7997131858553205,0.9917958861305599
-328,0.7998359373637607,0.9951954313686915
-327,0.7986592196282886,0.9881148451850527
-326,0.7962771171615237,0.9878478788194202
-325,0.7916733395485651,0.9880581469762892
-324,0.7922602097193401,0.9874395160447983
-323,0.7887301899137952,0.98856501636051
-322,0.7878401875495912,0.9835358432361058
-321,0.7838707367579143,0.9847714276540847
-320,0.7813566213562374,0.985174326669602
-319,0.7761930028597512,0.9774542905035472
-318,0.7786192383084977,0.9864336394128345
-317,0.7781319334393454,0.9847390197572254
-316,0.7779468127659388,0.9836185574531556
-315,0.775727385566348,0.9892137646675111
-314,0.7759917974472045,0.9903969509260996
-313,0.7770561916487556,0.9878842859041124
-312,0.7758498532431466,0.983056596347264
-311,0.7727590827714829,0.9797831631842112
-310,0.7730655726932343,0.9767074045680818
-309,0.7733356753985087,0.9738670246941703
-308,0.7725584790820168,0.9752094461804344
-307,0.7723939901306516,0.9727844539142789
-306,0.7718314102717809,0.9756795366605123
-305,0.7716267932028996,0.9743571991012209
-304,0.7743032347588312,0.9752579473313829
-303,0.773445759500776,0.9765782441411699
-302,0.7743358384995233,0.9749172727266947
-301,0.7784684186890011,0.981989738487062
-300,0.779090975012098,0.9847827269917443
-299,0.7792860553378149,0.9872712265877496
-298,0.7800208301771254,0.9911675566718692
-297,0.7796577357110523,0.9866891361418225
-296,0.7800085260754541,0.9880624470256623
-295,0.7787910983676003,0.9904762336185999
-294,0.7796332921300616,0.9904980148587909
-293,0.7813912204333713,0.9915259679158528
-292,0.7810340097972324,0.9876429523740496
-291,0.784172583194006,0.9904089115914844
-290,0.7851274723098391,0.9863490660985311
-289,0.7852525625910077,0.9886187343370347
-288,0.7854920881135123,0.9935873519806635
-287,0.7874788755462283,0.9947382325217837
-286,0.7867062432425364,0.9962833921114603
-285,0.7859755612555004,0.9958499442963373
-284,0.7865861086618332,0.9979057028180076
-283,0.7851418767656598,0.9963034022422064
-282,0.785103956858317,0.9992192643029348
-281,0.7847282829738798,1.0022786742164973
-280,0.7828847737539382,0.9968902951195124
-279,0.7828400049890789,0.99860790229979
-278,0.7822341351282027,0.9993290617352439
-277,0.7826827083315168,0.9972118763696578
-276,0.7831750285057795,0.9984629778634934
-275,0.7845881893521263,0.9992920614424204
-274,0.7866217465627761,0.9990198612213135
-273,0.7870754457655407,0.9999317810648963
-272,0.788893869944981,1.0038800636927285
-271,0.7869642036301747,1.009015191169012
-270,0.7878667371613638,1.0076934155963715
-269,0.7891243327231633,1.0102828457241966
-268,0.7894188818477449,1.0108873134567622
-267,0.7911165782383511,1.0094862381617227
-266,0.7917016858146304,1.005572327545711
-265,0.7933010458946227,1.0021387849535262
-264,0.7955565679640996,1.0025431996300107
-263,0.7949997186660767,0.997948198091416
-262,0.7973516384760537,1.002143811611902
-261,0.8004098704883029,1.000290558451698
-260,0.8030162482034592,1.0003586893989926
-259,0.8024117265428815,1.000156064828237
-258,0.8057122116997129,0.9958141900244213
-257,0.8078010848590306,0.9923030251548404
-256,0.8101738975161598,0.9943907601492745
-255,0.8113547591936021,0.9940832796550931
-254,0.8115359771819342,0.9931518180029733
-253,0.8133734720093861,0.9940962337312244
-252,0.8177249147778465,0.993835000764756
-251,0.8178544044494629,0.994796979995001
-250,0.8237961700984409,0.9906404955046517
-249,0.8226508810406639,0.990826626618703
-248,0.8244271420297168,0.9981165925661722
-247,0.8289911718595596,0.9980077090717497
-246,0.8292299650964282,0.999649133001055
-245,0.8290067258335294,1.0042330679439362
-244,0.8312366093908037,1.0071382352284022
-243,0.8330514033635458,1.0065963410195848
-242,0.8372621593021211,1.008141849722181
-241,0.8364328656877791,1.0015537057604107
-240,0.8337874781517756,1.0006324393408639
-239,0.8344115132377261,0.9988054491224742
-238,0.8384311369487217,1.001335566952115
-237,0.8398977291016352,1.0010157369431996
-236,0.8396095576740447,1.0024899897121249
-235,0.8402076136498225,1.0053194959958394
-234,0.8415897431827728,1.0051589437893458
-233,0.8453819808505831,1.0040524516786848
-232,0.8430773190089635,1.002455160731361
-231,0.8426136942136856,1.0022825002670288
-230,0.8428202214695156,0.9985451130639937
-229,0.8380396451268877,0.999518661271958
-228,0.8371833903448922,0.9963165181023733
-227,0.8382613715671356,0.9925670056116012
-226,0.8384789427121478,0.9915841363725207
-225,0.8419185082117717,0.9939260709853399
-224,0.8416358374413989,0.9893027827853247
-223,0.8414482729775564,0.9893868650708879
-222,0.8411425408862885,0.9902640808196295
-221,0.8377464839390346,0.9876408321516853
-220,0.8382736529622759,0.9879203410375685
-219,0.8399872155416578,0.9901776171865917
-218,0.8357641469864617,0.9855257528168813
-217,0.8344264030456542,0.987492053281693
-216,0.8316171367963153,0.9891350269317625
-215,0.8321191129230316,0.987353239740644
-214,0.8324355681737263,0.9800374933651513
-213,0.8297525786218188,0.9784921407699584
-212,0.826564663932437,0.9798842810449145
-211,0.8269885040464855,0.9783747196197509
-210,0.8270222118922642,0.9760332448141915
-209,0.8273996966225761,0.9726282301403227
-208,0.8293032731328692,0.9707403097833905
-207,0.8308614123435248,0.9725169567834764
-206,0.8274412609281995,0.9712561425708588
-205,0.8276169952892122,0.9689014979771204
-204,0.8231164585976373,0.9632835075968786
-203,0.8231343343144372,0.9653747592653545
-202,0.8215503352028982,0.9645872286387851
-201,0.8172861621493384,0.9637748769351412
-200,0.8187786028498695,0.9637618064880369
-199,0.8182589809099834,0.9652496037029082
-198,0.8161730652763731,0.9629174187069847
-197,0.8166218541917348,0.9644383078529719
-196,0.8126928891454426,0.9605642840975805
-195,0.8103709533101036,0.9555679048810686
-194,0.8058692443938481,0.9560015201568604
-193,0.8021137771152314,0.9599976511228652
-192,0.8006145954132079,0.9597856459163484
-191,0.7988828676087515,0.9572418190184093
-190,0.7929916183153789,0.9596231636546906
-189,0.788239129952022,0.957599537713187
-188,0.7844716878164383,0.9591825831504093
-187,0.783613111291613,0.9609197605223881
-186,0.7786755874043421,0.9598066040447779
-185,0.7778323661713373,0.9559084006718227
-184,0.7710048414412001,0.957545430887313
-183,0.768256650084541,0.9591014555522372
-182,0.7639715330941336,0.9573028570129757
-181,0.7594570687838963,0.9554152488708496
-180,0.7570958989007133,0.9548159837722777
-179,0.750258207321167,0.9578106034369694
-178,0.7465678141230628,0.9592012166976926
-177,0.7403606147993178,0.9623560763540722
-176,0.7376667942319597,0.9635921688306898
-175,0.735218706585112,0.9613187625294638
-174,0.7327313252857753,0.9655853878884088
-173,0.7315278138433183,0.967944324016571
-172,0.726896169639769,0.9672353012221199
-171,0.7217974662780761,0.9653264851797194
-170,0.7160567442576091,0.9633371290706453
-169,0.7141358426639011,0.9616211113475618
-168,0.7078413310505095,0.9665124586650303
-167,0.7037223094985599,0.9661995399565922
-166,0.6989643516994658,0.9626148144404092
-165,0.6957355425471351,0.9640833536783853
-164,0.6900263144856408,0.965972261769431
-163,0.6858291484060741,0.966339227699098
-162,0.6797156419072832,0.9636322997865221
-161,0.6747487669899351,0.9615687671161833
-160,0.6710123561677479,0.9567789378620328
-159,0.6653975049654643,0.9544517227581569
-158,0.6614973715373449,0.9512582818667094
-157,0.6529343043054854,0.947964520681472
-156,0.6501042388734363,0.9461546597026642
-155,0.6456346228009179,0.9442185163497925
-154,0.6395822366078694,0.945008240994953
-153,0.632138104665847,0.9441008425894237
-152,0.6268975507645379,0.9434848058791387
-151,0.6220576507704598,0.9394824419702802
-150,0.6170585212253388,0.9392786565281095
-149,0.6139545355524335,0.938396340324765
-148,0.6097768261319114,0.9442346493403116
-147,0.6075018928164527,0.9394845678692771
-146,0.6006424994695754,0.9399360588618687
-145,0.5922458058311826,0.9421507574263073
-144,0.5865123867988586,0.9380840091478257
-143,0.5821694618179685,0.935688248702458
-142,0.5752670991988409,0.9332326253255209
-141,0.570767323176066,0.935085776306334
-140,0.5668289803323292,0.9361671180952165
-139,0.5612937467438834,0.9384588797887168
-138,0.5564914558615003,0.9402241110801698
-137,0.5511713155678339,0.9435743008341109
-136,0.5487399001916249,0.9441656583831423
-135,0.5452114244302113,0.9419652848016646
-134,0.5389927072184426,0.9465134001913523
-133,0.5338689188162485,0.9440340087527318
-132,0.530200664486204,0.9414775399934676
-131,0.522867902403786,0.9409676137424648
-130,0.5177028477191925,0.9413919590768359
-129,0.5142618786721003,0.9424137331190563
-128,0.5097003948120844,0.9475592914081753
-127,0.5073138021287464,0.9445526230902898
-126,0.5023133839879718,0.9473426285244169
-125,0.5027385098593575,0.9475087040946597
-124,0.502188021228427,0.9514600123677934
-123,0.49914893649873276,0.9564543678646996
-122,0.4959827462832133,0.9610603877476284
-121,0.49498316361790606,0.9631325403849283
-120,0.49403253623417437,0.9656857252120971
-119,0.4912786313465663,0.9715262736592973
-118,0.4897472943578447,0.9746518163453965
-117,0.4886427919069925,0.9760123633203053
-116,0.4862647425560723,0.9758597044717697
-115,0.48164872470356157,0.9799529569489615
-114,0.4790170646849131,0.9838597916421435
-113,0.4757566026278903,0.9778514476049512
-112,0.4748760617914653,0.9836108684539794
-111,0.4736310896419343,0.9850631611687796
-110,0.47303185008821025,0.9864713833445595
-109,0.472637789590018,0.987734996137165
-108,0.4692791757129487,0.9882705864452181
-107,0.46506964592706584,0.9879527574493772
-106,0.45834563317753013,0.9863572574797131
-105,0.45384768928800306,0.9867638661747886
-104,0.448619361434664,0.9872788559822807
-103,0.4464797448544275,0.9814804167974561
-102,0.44490260737282883,0.9784093726248968
-101,0.44378728242147525,0.9792579554376148
-100,0.4431300049736386,0.979842103662945
-99,0.440688445454552,0.9782104463804335
-98,0.4393292097818283,0.978027051403409
-97,0.4377522553716387,0.9779992387408302
-96,0.4374984091236478,0.9791655341784158
-95,0.43607885355041137,0.9799463096119109
-94,0.4365096915335882,0.9746139901024955
-93,0.4354920940739767,0.9721645457404001
-92,0.4348856948670886,0.9777183277266366
-91,0.43507441168739674,0.9775058967726571
-90,0.43467108124778375,0.9757957344963437
-89,0.43445823448044907,0.9757453543799264
-88,0.4334062054043724,0.9759640750430879
-87,0.4331744213898976,0.9759289735839481
-86,0.43319526172819584,0.9762580706959679
-85,0.4363374809424082,0.9772263765335083
-84,0.43925233114333373,0.9760089005742755
-83,0.43904822780972425,0.9749469728696915
-82,0.43765575261343087,0.976814641838982
-81,0.436853779213769,0.9777687788009644
-80,0.4343760623818352,0.9755337578909737
-79,0.43220216177758713,0.974308104742141
-78,0.4305618760131654,0.9735053351947239
-77,0.42909146206719534,0.9718583822250366
-76,0.42617410421371454,0.9719426177796862
-75,0.42464573468480793,0.9691842311904542
-74,0.4247022966543833,0.9701629281044005
-73,0.42331709890138525,0.9753991365432738
-72,0.4215115379719506,0.975769389243353
-71,0.420687483889716,0.9738636442593166
-70,0.4195193903786795,0.9717883865038554
-69,0.41718562302135287,0.9714742728642055
-68,0.41588878631591797,0.9706387860434397
-67,0.41348639698255635,0.9714712018058412
-66,0.4108182830469949,0.9733010644004457
-65,0.4095637883458819,0.9754058122634888
-64,0.4073795278867086,0.977088110787528
-63,0.4040835712637221,0.977962905452365
-62,0.4019819583211626,0.9804173707962037
-61,0.40194041956038706,0.9812686273029873
-60,0.4012462141967955,0.9807113409042358
-59,0.4012079707213811,0.9813370704650879
-58,0.4010668538865589,0.984828614053272
-57,0.3998948718820299,0.9874155947140285
-56,0.3997571014222644,0.9836530259677342
-55,0.4010434306803204,0.9838904085613431
-54,0.4022280474503835,0.9859957638240996
-53,0.4002810475372133,0.9880269141424269
-52,0.40082217540059767,0.9865030703090486
-51,0.40048316404933015,0.9874030578704107
-50,0.40295495021910893,0.98819618281864
-49,0.40312461625962026,0.9887136419614156
-48,0.4064945308935074,0.9916245341300964
-47,0.4073949271724337,0.9964020905040559
-46,0.40647732927685687,1.000107038588751
-45,0.4108870909327552,1.000293533007304
-44,0.4111626375289191,0.9985861948558262
-43,0.41311481878871,0.998404514221918
-42,0.4145031074682871,0.9980854533967517
-41,0.41643020936420977,0.9988170237768265
-40,0.41539178291956574,0.9994468291600546
-39,0.4154814226286751,1.0001626440456934
-38,0.4157817988168625,1.001248776912689
-37,0.41554967704273404,0.9992323801631019
-36,0.4160130705152239,1.0012595511618114
-35,0.4152574383077167,1.0080182836169287
-34,0.4143227324599311,1.0100752285548618
-33,0.4129910667737325,1.0126268097332545
-32,0.41373070506822496,1.0119319671676272
-31,0.4123375117778778,1.0158392020634244
-30,0.4123127914610363,1.0184360487120492
-29,0.4097692739395868,1.0226536449931916
-28,0.408637170280729,1.0278063019116719
-27,0.4075468296096439,1.0312869492031278
-26,0.4049483509290786,1.0317891495568412
-25,0.4064939149788448,1.029028486637842
-24,0.40413327444167363,1.0287453134854636
-23,0.40465005238850915,1.0319338384128751
-22,0.4024459180377778,1.035453083969298
-21,0.4028436172576177,1.0357059268724351
-20,0.4031736354033152,1.0344423963910054
-19,0.40262253227688016,1.03842081058593
-18,0.402102346931185,1.0410045158295405
-17,0.4017929165136246,1.0410206715265908
-16,0.40293422909010024,1.045163659822373
-15,0.402958489599682,1.0442077432359966
-14,0.40315054144178114,1.0451072908583139
-13,0.4039195321855091,1.0465271813528878
-12,0.4030112141654605,1.044254530043829
-11,0.40303095039867215,1.0427337941669281
-10,0.40556881257465904,1.0400682858058385
-9,0.40647580793925686,1.0363290764036632
-8,0.40614697762898033,1.0363758972712924
-7,0.4066940049330393,1.032069654691787
-6,0.40511828802880784,1.0324904578072682
-5,0.4066245669410342,1.0271901147706166
-4,0.40623075621468674,1.0303098758061726
-3,0.4074768764632088,1.0336424850282215
-2,0.40682303337823766,1.0330792779014224
-1,0.40823340841702044,1.0298799333118256
0,0.40762326121330256,1.0356774557204473
1,0.4073084947608766,1.038048798129672
2,0.4081924032597315,1.0347766961370195
3,0.40830607783226736,1.0330126342319303
4,0.4097036336149489,1.036382516225179
5,0.40967063534827464,1.03448486328125
6,0.41141397612435476,1.0346634785334268
7,0.41470054643494736,1.0330598411105927
8,0.4146735355967567,1.0329490502675374
9,0.4174722404707045,1.0355270987465268
10,0.4186952951408568,1.035323455220177
11,0.4183447318417685,1.0332334580875577
12,0.41965561253683903,1.0380190696035112
13,0.42129472607658014,1.0349093533697582
14,0.42288070065634575,1.036485169615064
15,0.42704001778648,1.0355226397514343
16,0.4289354866459255,1.037235793613252
17,0.43196478344145267,1.034605460507529
18,0.4338639108907608,1.0321963997114272
19,0.43621279937880375,1.0288868035588945
20,0.4393876861958277,1.0294997550192333
21,0.4438364250319345,1.0265261303810846
22,0.445953205937431,1.0253908832867942
23,0.4475118943623134,1.0260604023933413
24,0.4520398491904849,1.0271478266943068
25,0.4551268702461606,1.020328388327644
26,0.45846518022673466,1.017779588699341
27,0.46205125536237446,1.0155602580025083
28,0.46334845395315255,1.0158781040282476
29,0.4673349076793307,1.018774191538493
30,0.46898125892593745,1.0196684371857416
31,0.4734619373366946,1.0174751480420432
32,0.4793820707570939,1.0191961243039085
33,0.4822148183981577,1.0141374553952898
34,0.48558355938820613,1.0140732413246518
35,0.4893588750135331,1.0145203442800612
36,0.4895529193537576,1.0155261698223295
37,0.4958945725645338,1.0152788673128401
38,0.5021136573382786,1.0195764785721186
39,0.5059951487041655,1.022273151647477
40,0.5132041601907639,1.027035625207992
41,0.5174884313628787,1.0308490168480646
42,0.5220217789922442,1.02919355176744
43,0.5279568419570015,1.0317258806455702
44,0.5371266447362446,1.037594349611373
45,0.5422485286281223,1.0389938326109025
46,0.5486312210559845,1.0492359399795532
47,0.5554470547607966,1.0584706720851715
48,0.5607060264973414,1.0610771832011994
49,0.5676349387282417,1.064339328379858
50,0.5743926110721769,1.064771933215005
51,0.5821282721701121,1.0658650426637557
52,0.5891887460436139,1.0727993420192172
53,0.5950312529291425,1.0791796729678198
54,0.6019515310014998,1.0863360507147652
55,0.6114167996815273,1.090795085543678
56,0.6174401328677224,1.0938163825443812
57,0.6247143348058065,1.095393141110738
58,0.6295964121818542,1.094451665878296
59,0.634173728170849,1.0940897067387898
60,0.6399588272685096,1.0917184012276786
61,0.6428490224338714,1.091315434092567
62,0.6487808653286526,1.087914676893325
63,0.65114430586497,1.0918715056918915
64,0.6570591415677752,1.0919010355359031
65,0.6594009342647734,1.087409354391552
66,0.6648391570363726,1.0900034904479978
67,0.6700338948340642,1.087598238672529
68,0.6773631260508582,1.087192864645095
69,0.6844306872004554,1.090122591881525
70,0.6919981184459867,1.085597418603443
71,0.6988915375300815,1.082485726901463
72,0.7068908101036434,1.082802454630534
73,0.7156177191507248,1.0843292872111001
74,0.7255561323392958,1.080931163969494
75,0.736813880148388,1.0770253510702223
76,0.7459555466969808,1.0743166094734553
77,0.7613043841861544,1.0772764512470792
78,0.7746453569048926,1.0787141833986555
79,0.7888820426804677,1.083457316671099
80,0.8025387440408979,1.0860408203942435
81,0.818059171949114,1.090276564870562
82,0.8331038242294674,1.0873562835511705
83,0.8455050303822471,1.0873035306022278
84,0.8635479921386355,1.087687429927644
85,0.8796928241139367,1.0877785398846582
86,0.8955599012829007,1.0919295038495744
87,0.9091845041229609,1.0902145760399953
88,0.9243956492060704,1.0918885355903987
89,0.9380187817982263,1.0847764355795722
90,0.9539973395211355,1.084116742724464
91,0.9696042594455536,1.085961830048334
92,0.9870552080018179,1.0855445748283747
93,1.0032796462376912,1.0839642797197613
94,1.0163459607533047,1.0797636906305947
95,1.0298187278565907,1.0840807528722851
96,1.042303130740211,1.0864258663994926
97,1.0582123370397658,1.0898475022543044
98,1.0712469617525735,1.083694855372111
99,1.0850791874386014,1.080217094648452
100,1.0970058128947302,1.0784684873762587
101,1.1086996964045932,1.0757669664564586
102,1.11896885009039,1.0704763105937414
103,1.1323428068842205,1.0710426568984985
104,1.1483426661718459,1.0712324324108304
105,1.1587824764705839,1.0686906746455598
106,1.1719956454776583,1.0669221026556832
107,1.1861277478081838,1.0653671082996188
108,1.2000404653095063,1.0636893226986839
109,1.2107061545054116,1.0598585094724382
110,1.222601674851917,1.059613159724644
111,1.2346059140704926,1.0569889148076375
112,1.2490232672010149,1.0575347627912248
113,1.2596558786573864,1.056395133336385
114,1.269842261359805,1.0564546755381992
115,1.2809103102911086,1.0535592436790466
116,1.2868929533731368,1.049935587814876
117,1.2957971152805146,1.0480443210828871
118,1.2997714848745436,1.04563627072743
119,1.30314945039295,1.050726246266138
120,1.308313727378845,1.0498656119619096
121,1.3119846014749434,1.0513650377591452
122,1.314817360469273,1.0506332119305928
123,1.318160159247262,1.057697276274363
124,1.3159443877992174,1.057888817219507
125,1.3130367029280887,1.0555263246808733
126,1.3115277574175876,1.0526681854611348
127,1.3060076974687118,1.0543436549958727
128,1.3021196410769504,1.0515245993932087
129,1.2981628066017512,1.0524856363024029
130,1.2939867859794978,1.0544681605838593
131,1.2870661020278928,1.0544355312983196
132,1.2757115761439004,1.052644968032837
133,1.2623594318117415,1.0478530895142328
134,1.2516590924490063,1.0499830700102306
135,1.236998172033401,1.0474899666649953
136,1.2240753344127109,1.0479851138024103
137,1.2151826620101929,1.0430158121245248
138,1.200252277510507,1.0404544444311232
139,1.188182353973389,1.0376350993201846
140,1.1729438106218975,1.0308671253068107
141,1.1559268151010786,1.0321531494458516
142,1.139207505044483,1.0272697295461382
143,1.1250007776986983,1.0234518618810744
144,1.1081544614973522,1.0180612121309551
145,1.094643391314007,1.015325625737508
146,1.0801556763194855,1.0156997101647514
147,1.0625536555335633,1.0172484488714308
148,1.0456138877641585,1.0117649833361306
149,1.0285145753905884,1.0114417445091974
150,1.0098960200945535,1.0112725354376293
151,0.9935776250702992,1.0054335310345603
152,0.9770556745075043,1.0043013379687356
153,0.9618995274816241,1.0026868922369823
154,0.9474868178367615,1.0066430114564442
155,0.9308889366331555,1.0034596068518502
156,0.9173331147148496,1.0010891244525
157,0.9014770189921061,0.9975442943118866
158,0.8849203501428875,0.9986558528173536
159,0.8727414210637409,0.998735390958332
160,0.8578167869931174,0.9940394872710818
161,0.8450057137580144,0.9945576616695948
162,0.8310458007312955,0.9918734488033113
163,0.8199556299618312,0.9902884761492411
164,0.8076001178650628,0.9928607429776872
165,0.7978515539850508,0.9907641297294979
166,0.7880510063398452,0.9949909051259357
167,0.7774497242200941,0.9938764373461405
168,0.7685879014787218,0.9914129717009408
169,0.7597284799530392,0.9954852660497029
170,0.7502638555708385,0.9956022330692835
171,0.7413502704529535,0.9927104541233607
172,0.7307779590288799,0.9949443311918349
173,0.7226358339900063,0.9948521994409105
174,0.7169284905706134,0.9970360625357855
175,0.7071692177227564,0.9951854972612292
176,0.6992576548031398,0.99582363594146
177,0.6921999624797276,1.0009601314862568
178,0.6869087730135236,1.005665503797077
179,0.6793845466205051,1.0084700328963143
180,0.6731026484852743,1.0088902825400943
181,0.6679306768235704,1.0126926246143522
182,0.6612152400470913,1.0133855456397645
183,0.6583626951490129,1.0148080587387083
184,0.6542340233212425,1.011985026654743
185,0.6488755487260364,1.011650020167941
186,0.6423462600935073,1.015432269800277
187,0.635981179419018,1.0109314379237946
188,0.6294836174874078,1.0097808554058982
189,0.6263063635144914,1.014116644859314
190,0.6214426557223002,1.0125950801940191
191,0.6153934314137413,1.011108792963482
192,0.6129282230422609,1.0112240513165793
193,0.610145710763477,1.0106493092718578
194,0.6055732454572406,1.014108501729511
195,0.5991899200848171,1.0141273878869557
196,0.5961784692037674,1.0141928451401847
197,0.5927522352763585,1.015189298561641
198,0.5890382982435681,1.008857074238005
199,0.585148484933944,1.0059068004290264
200,0.582788348197937,1.0007701345852444
201,0.5799839070865085,0.9985884115809487
202,0.5770584373247055,1.0001619770413355
203,0.5748399950209119,0.9975285019193377
204,0.5743922988573711,0.9951816513424827
205,0.570496604556129,0.9982429033234004
206,0.5685168703397114,0.995436200073787
207,0.5671038315409704,0.9879040718078612
208,0.5676796521459306,0.9848696816535222
209,0.5654831670579457,0.9880297013691491
210,0.564798911412557,0.9857318514869325
211,0.5654902316275097,0.9832993603888012
212,0.5650458931922913,0.9823879287356422
213,0.5627117185365587,0.9835238456726073
214,0.55973200854801,0.9834082183383759
215,0.5580322401864187,0.9808551413672311
216,0.5579364044325692,0.977802954968952
217,0.5564024845759074,0.9766086254801069
218,0.5558953625815255,0.9753987249873934
219,0.5564098954200745,0.975297042301723
220,0.5579368415332977,0.9750760651770093
221,0.5600243295942035,0.9731581381389073
222,0.5589185385476974,0.9739708786919004
223,0.559034886814299,0.9743562709717523
224,0.5606867387181237,0.9773326431001935
225,0.5595080625443233,0.9776117063703991
226,0.5591991657302493,0.9785092217581612
227,0.5612771965208507,0.9781698357491265
228,0.5627026614688692,0.9829370578130086
229,0.5626967975071498,0.9830065199307032
230,0.5650528839656285,0.9840513042041233
231,0.5665151136262077,0.9828232186181205
232,0.5671700693312145,0.9834116158031282
233,0.5694735135350909,0.9812503570602054
234,0.5716887598945981,0.977144718170166
235,0.5772211778731573,0.9729827897889274
236,0.5802512225650605,0.9713087394123986
237,0.582022156034197,0.9729162880352565
238,0.5861246557462783,0.96765817347027
239,0.5887422817093985,0.9657657997948782
240,0.5905305289086842,0.9652676695869082
241,0.5937313834826151,0.9664004218010674
242,0.5958052760078792,0.968833389736357
243,0.5985231654984609,0.9699988961219786
244,0.6025796447481426,0.9663226377396356
245,0.6058564242862519,0.9621399016607374
246,0.6089531921205066,0.9609212421235582
247,0.6146140382403419,0.9579027692476907
248,0.619076649347941,0.9570487567356654
249,0.6230889672324771,0.9550280485834393
250,0.6279020053999764,0.9570052112851823
251,0.6350032800719851,0.9535384007862635
252,0.6394331994510832,0.9539983528000967
253,0.6449595661390395,0.9550957651365369
254,0.6498768244470868,0.9592534048216682
255,0.6552159417243231,0.9610186928794496
256,0.6609001216434297,0.9652772545814514
257,0.6676955535298301,0.9642911354700724
258,0.6724297262373424,0.9606201677095322
259,0.6771835798308962,0.9623846667153494
260,0.6866079057965958,0.9656600100653511
261,0.6940983448709759,0.9730884688241139
262,0.7011132524127051,0.9794129956336247
263,0.707637676170894,0.9832961360613504
264,0.7171118032364618,0.9835106758844283
265,0.7232337849480763,0.9841947981289453
266,0.7316976672127131,0.9855673455056688
267,0.7417017505282447,0.9875426434335253
268,0.7475072826657976,0.98918951125372
269,0.7542620528311956,0.9911643209911526
270,0.7623698796544756,0.9944964845975239
271,0.7702019356545947,0.990932251725878
272,0.7759508518945601,0.9924856651396978
273,0.7841327048483347,0.9933131252016338
274,0.7919424658729916,0.9927409404800052
275,0.8012142351695468,0.990139209088825
276,0.8114864797819229,0.9907497678484235
277,0.8175749949046544,0.9899723331133524
278,0.8268803499993824,0.9895130225590296
279,0.8379330436388652,0.9912555984088351
280,0.8453617805526371,0.9936575151625132
281,0.8509087449028379,0.9929202227365402
282,0.8585004948434375,0.9849589381899153
283,0.8679531755901518,0.9806724048796154
284,0.8771053581010727,0.9762848558880034
285,0.8839186827341716,0.9776359597841898
286,0.8915131262370517,0.9780864119529723
287,0.8981287422634305,0.9775011993589855
288,0.9072229606764656,0.9804386127562749
289,0.9154419161024547,0.9800471322877066
290,0.9251772903260731,0.9852317372957865
291,0.934494415918986,0.981101896081652
292,0.9418300134795052,0.9842821643466041
293,0.949884363583156,0.9857358620280311
294,0.9557651281356813,0.9866376235371543
295,0.9621058191571917,0.9881724743616012
296,0.9685230084827968,0.9886550477572849
297,0.97329881077721,0.9880746205647785
298,0.9771807505970909,0.9883282440049306
299,0.9810566987310136,0.9881748188109624
300,0.9843297856194633,0.9885567625363666
301,0.9900234370004564,0.9872408963385081
302,0.9955400881313142,0.9857747384480066
303,0.9971596825690497,0.989072092941829
304,0.9977000838234311,0.9886099525860376
305,1.0005991316977,0.9921594943319048
306,1.0026654884928747,0.9918531378110249
307,1.004112944716499,0.9896030255726406
308,1.004263645126706,0.9920329309645153
309,1.0005728829474676,0.987389740489778
310,1.0035392074357894,0.9869389619146074
311,1.0000855383418856,0.980943427199409
312,0.9962973764964512,0.9817936477207001
313,0.9952440971419924,0.9833490422793797
314,0.9921355389413379,0.9832841413361685
315,0.9907416871615817,0.9838507657959348
316,0.9877126954850696,0.9823426490738277
317,0.985093091215406,0.9853706359863279
318,0.9824378462064833,0.9861359738168259
319,0.9840078666096642,0.9850407356307618
320,0.9802428313664028,0.9858977113451276
321,0.9763626002130055,0.9869096988723391
322,0.971399554184505,0.9933218388330369
323,0.9667823002451943,0.9935651535079594
324,0.9648396174112956,0.9921486008734931
325,0.9581876766114008,0.988517477398827
326,0.9520007598967779,0.9878974244708107
327,0.9470204739343553,0.9861800244876318
328,0.944051376410893,0.9891088519777571
329,0.9417140001342408,0.9925965439705622
330,0.9370417055629547,0.9925940831502278
331,0.9314610220137096,0.9954384707269215
332,0.9257292605581737,0.9974506327084133
333,0.9203555981318156,0.9955547650655109
334,0.91436197076525,0.9963590673037936
335,0.908238450686137,0.9946867312703813
336,0.9021145587875731,0.9919175988151914
337,0.8971719145774841,0.9925975629261561
338,0.8912251591682434,0.9898115084284826
339,0.8831520250865392,0.991557376725333
340,0.8742582173574538,0.9938050849097115
341,0.8680578895977564,0.9944561379296438
342,0.8627577480815706,0.9986105731555394
343,0.8587658944584075,0.993427881172725
344,0.8536593857265654,0.998256606715066
345,0.8454446906135196,1.0027870337168376
346,0.8421661711874462,1.0067712778136844
347,0.8364903330802916,1.0039495627085366
348,0.8295540497416543,1.0057202719506761
349,0.8223980409758431,1.0108044232640947
350,0.8160352281161716,1.008321952252161
351,0.814484880084083,1.012560901187715
352,0.8081876663934615,1.0122432793889726
353,0.805462652728671,1.0103853742281597
354,0.8005721370379129,1.0126359178906394
355,0.7952597907611301,1.010598985921769
356,0.7938284561747596,1.0069311005728585
357,0.7882912187349229,1.0086433234668912
358,0.7821334032785325,1.0114030639330545
359,0.7741969454856147,1.014237960179647
360,0.7720065571012952,1.0112084320613315
361,0.7690111341930571,1.0112066495986212
362,0.764733218011402,1.0126302809942336
363,0.76176046757471,1.0092168280056544
364,0.7561125244413103,1.0117879282860527
365,0.7502175058637347,1.0110476272446767
366,0.7482146478834606,1.0079437579427446
367,0.7439537757918947,1.0040768753914604
368,0.7425905295780726,1.0045593352544873
369,0.7416294784772963,1.0009513128371466
370,0.7394916244915553,0.9961463099434262
371,0.7343452147075108,0.9949130359150115
372,0.7295168808528354,0.9942603480248223
373,0.7262556127139499,0.9938903507732209
374,0.7235589566684903,0.9946456750233966
375,0.7199871568452743,0.9972042725199743
376,0.7149336792173839,1.000170622553144
377,0.7118816744713555,1.0058728371347698
378,0.7087854544321696,1.0048048354330517
379,0.7096561619213647,1.0028335565612427
380,0.7096857542083376,1.0006495770953951
381,0.7050750227201551,1.001967313743773
382,0.7031690308025903,0.9998812363261268
383,0.7022689722833177,0.9992971051306951
384,0.7010217365764435,0.9980668340410505
385,0.6998845395587738,1.0011026121321178
386,0.6976551101321266,1.0000693570999872
387,0.6956719415528433,1.0006072152228582
388,0.6942319330714998,1.0038225508871532
389,0.6917612666175479,1.0110003011567252
390,0.6902683263733274,1.0144449784642173
391,0.6874436310359411,1.0123043400900704
392,0.6886576868238904,1.014018504392533
393,0.6885509292284647,1.012095238481249
394,0.6887798337709335,1.0150148272514343
395,0.6868472156070526,1.0152377713294256
396,0.6875160251344952,1.0088874726068404
397,0.6878981788953143,1.0073124993415106
398,0.6860795106206621,1.0041107223147436
399,0.6870184824580238,1.0059129283541723
400,0.682743836016882,1.0045954755374362
401,0.680788551058088,1.0041841467221575
402,0.682746682848249,1.0033179862158639
403,0.6822226586795986,1.0037922688892909
404,0.6820364310627891,1.0037834786233446
405,0.6822966252054486,1.0065713978949047
406,0.6828275578362601,1.0022630719911483
407,0.6848706404368083,0.9986827345121473
408,0.6856984978630429,1.0008729639507474
409,0.6881301403045653,1.0027990965616136
410,0.6893229143960135,0.9939126769701638
411,0.6898492376009623,0.9949967435428073
412,0.692113833768027,0.9955310651234217
413,0.6922315415881928,0.9953351077579315
414,0.690827999796186,0.9947892086846487
415,0.6913096677689325,0.992420026234218
416,0.693595942996797,0.9923953641028632
417,0.6961699752580551,0.9977075429189772
418,0.70133262021201,0.9978453318277996
419,0.7052976176852273,0.9953346536273048
420,0.7076586229460581,0.9907254661832536
421,0.7141918369701931,0.9883173562231518
422,0.7195908512387957,0.9898862895511444
423,0.7212994382494972,0.9898686437379746
424,0.7261934535843985,0.986791207676842
425,0.729447256951105,0.9832632967403956
426,0.7346488776661101,0.9796953541891915
427,0.7378796793165661,0.9747460115523565
428,0.742660587742215,0.9731778928211756
429,0.7480418029285613,0.9711407905533199
430,0.7529219559260777,0.967518565200624
431,0.7567945605232601,0.9719719148817516
432,0.7612882767404827,0.968393277554285
433,0.7675088530495052,0.9699727183296566
434,0.7744338313738504,0.968354236511957
435,0.778556446234385,0.9695930991853985
436,0.7837524612744647,0.9715761400404429
437,0.7901539689018612,0.9682323364984421
438,0.7945488123666671,0.9621609988666715
439,0.7989727627663384,0.9614043349311464
440,0.8016275252614702,0.9616757006872266
441,0.8075643380482991,0.9600273711340765
442,0.8114157517751057,0.9655231010346185
443,0.8137573174067905,0.9615451239404225
444,0.8219943812915257,0.9622029179618473
445,0.8219578975722902,0.9637963232539948
446,0.8277948072978427,0.9669134957449776
447,0.8320208532469612,0.968177352632795
448,0.8386116709027971,0.9728021252722967
449,0.8423571047328766,0.9706632580075946
450,0.8481202125549315,0.9695144125393459
451,0.8548083929788498,0.9687118445123944
452,0.8591485165414355,0.9660089867455618
453,0.8669932881991068,0.9654059693926856
454,0.8705195557503471,0.9630140946024939
455,0.8742694116774058,0.9597672621409097
456,0.8806967508225213,0.9574256056830995
457,0.885472575823466,0.9552939562570482
458,0.8883984855243138,0.9614329281307401
459,0.8931622079440525,0.9664609602519444
460,0.8977160567329044,0.9655389785766602
461,0.9054381251335144,0.9721121248744783
462,0.911926181543441,0.97663357428142
463,0.9161068910644168,0.9718525211016336
464,0.9228151554153078,0.9729623397191364
465,0.9261520987465267,0.9737668548311504
466,0.9347686228298004,0.9735157858757743
467,0.9404117010888599,0.9733277048383437
468,0.942572045893896,0.9752666070347739
469,0.9443162452606926,0.9758062731652031
470,0.9474017591703504,0.9783804359890165
471,0.9486158064433505,0.978417280174437
472,0.9506578473817733,0.977053335734776
473,0.9551598145848228,0.9800459231649126
474,0.9540370702743529,0.9845488639104935
475,0.9564646227019173,0.9856538914498828
476,0.9601534292811438,0.989787357194083
477,0.9616167431785947,0.992690920829773
478,0.9659754264922369,0.9923140179543268
479,0.9705649131820314,0.9896168538502284
480,0.9716857643354506,0.9901768678710574
481,0.9748382426443554,0.9940364445958819
482,0.9737868309020995,0.9956775307655333
483,0.975399735428038,0.995872105870928
484,0.9783329679852439,0.997127612431844
485,0.9809501341411045,1.0011466628029233
486,0.9808569351832072,1.00124283347811
487,0.9829691705249605,1.0029222056979226
488,0.9834498053505307,1.004287390481858
489,0.9826525279453823,0.9991500207356044
490,0.9841076646532331,0.9963154054823377
491,0.987932909102667,0.998080917767116
492,0.9900170507885162,0.9985338931991941
493,0.9903010243461244,1.0011019422894434
494,0.988409848440261,1.0012692553656442
495,0.9891446119263058,1.0007051683607555
496,0.9897731343905128,1.0025979025023324
497,0.9858051084336779,1.0037626907939001
498,0.9878224588575816,1.003895444529397
499,0.9851496049336024,1.00545368875776
500,0.9826043986138843,1.0062613629159474
501,0.9833517982846213,1.0072845192182631
502,0.9821687908399672,1.0042269315038408
503,0.9825928324744814,0.996956629412515
504,0.9780565159661428,0.995923828511011
505,0.9745532217479886,0.9986977662358965
506,0.9708054491451809,0.9964950425284249
507,0.96860351732799,1.0002507794471014
508,0.9658187542642866,1.0016596743038721
509,0.9637528232165746,1.0018271860622223
510,0.962611470903669,1.0077398078782218
511,0.9600312340827215,1.0121075539361863
512,0.9556511243184407,1.0112623969713845
513,0.9530178961299713,1.0121233832268486
514,0.9480142650150116,1.0154023312387013
515,0.9447450126920427,1.0134238316899253
516,0.9416759127662294,1.0106224758284432
517,0.9377031326293944,1.0128478748457772
518,0.936134860629127,1.0099351860228036
519,0.9314828174454824,1.006940151963915
520,0.9280266988845098,1.0042076281138825
521,0.9257840372267223,1.0035819013913472
522,0.9234338998794556,1.0041216242881048
523,0.9161517989067804,1.003129658244905
524,0.9129697283109028,1.0056046304248627
525,0.908468572866349,1.0052366625695
526,0.9033627481687636,1.0047353477705092
527,0.9003264364742097,1.0077832994006928
528,0.8963394534020197,1.0041537001019432
529,0.8925944197745551,1.0038089638664607
530,0.8873708645502727,1.0037225030717396
531,0.8844454998061769,1.0004683477537972
532,0.8807774384816487,0.9974676171938577
533,0.877821908110664,0.9972218275070188
534,0.8734792357399351,0.9974350475129625
535,0.8705061560585384,0.99504322097415
536,0.8721535688354856,0.9915679835137866
537,0.8703648476373582,0.9945421417554218
538,0.8675660093625386,0.9937597257750374
539,0.8625326667513166,0.9951761904216948
540,0.8611032707350593,0.997340591180892
541,0.8608246388889493,1.0019265697115942
542,0.8560854962893893,0.9985254633994328
543,0.8520133126349675,0.9977972195261999
544,0.8511456080845423,0.9996414610317773
545,0.8495878293400718,0.9984956894602094
546,0.8503503487223669,1.0013164083162942
547,0.8499106537728081,1.0001394947369893
548,0.8491677074205306,0.9976203186171395
549,0.8472791427657717,1.0005206011590504
550,0.8436734278996785,0.9989959029924302
551,0.8416153306052797,0.9954186422484264
552,0.8394310304096767,0.9955456881296068
553,0.8395175962221055,0.9942821860313416
554,0.8379112652369909,0.995817624387287
555,0.8392095679328556,0.9932710755439031
556,0.8394691660290673,0.9906412732033503
557,0.8386536325727191,0.9992716596240089
558,0.8353515068689982,0.9974461964198521
559,0.8328893553643,0.993873377641042
560,0.8348580201466878,0.992637915270669
561,0.8326261809894017,0.9896769069489978
562,0.827770431836446,0.9850972521872748
563,0.8264868003981454,0.9924200631323316
564,0.8244376977284749,0.9927688638369242
565,0.8239373791785467,0.9913250548498971
566,0.8211167823700675,0.9936574697494507
567,0.8213908899398076,0.9907243932996477
568,0.8222920383725848,0.98927351690474
569,0.8196811363810587,0.9888604368482317
570,0.8205458834057764,0.9847781062126159
571,0.8226083006177631,0.9895895804677689
572,0.8226138268198286,0.9941620287441071
573,0.8236442577271235,0.9965643911134628
574,0.8212004843212309,1.0021224986939201
575,0.819185747986748,1.001311781860533
576,0.8179343030566261,1.0062966772488184
577,0.8116431434949238,1.0064814828691029
578,0.8080952650024776,1.0027423926762171
579,0.8110843471118382,1.0005262891451516
580,0.8124427738643829,1.0012578283037457
581,0.8114404451279416,1.002916761807033
582,0.8113822851862228,1.002820148354485
583,0.8117861719358536,1.0030711264837355
584,0.8129517265728542,0.9987485664231437
585,0.8128699887366523,0.9945812736238752
586,0.8150212566057842,0.9971395447140647
587,0.8172810985928489,0.9964768545968192
588,0.8170516916683742,0.9979662128857203
589,0.8162713845570884,1.0000383059183755
590,0.8200944662094115,1.002633205481938
591,0.8214399502390907,1.004354749407087
592,0.8210076803252812,1.0020666349501837
593,0.8223452596437362,1.0001377179509117
594,0.8233610930896939,1.0002433771178836
595,0.8280384455408367,0.9942476181756882
596,0.8303320237568446,0.9923355976740519
597,0.8331218929517835,0.9910066127777098
598,0.839545462812696,0.9927296468189784
599,0.8413418162436713,0.9911770423253378
600,0.8431813745271592,0.9930973932856605
601,0.8454083998998007,0.9958168126287914
602,0.850864521094731,0.9965147262527828
603,0.8540987315632049,0.9992926887103488
604,0.858141927492051,1.000020004454113
605,0.8603925222442265,1.0039284655026026
606,0.8659110693704515,1.0031965233030773
607,0.8705244518461681,1.0035445292790732
608,0.874961915470305,1.0030545876139687
609,0.8773341264043536,1.0023596996352786
610,0.8834865320296514,1.0033620056651886
611,0.8879258008230301,0.999299679483686
612,0.8917059501012167,1.0022623311905632
613,0.896772943791889,0.9994468518665857
614,0.9008306151344662,1.003113777864547
615,0.9048996823174612,1.0059294047809781
616,0.9086058083034697,1.0116800580705914
617,0.9114763083912077,1.0128733544122603
618,0.9128463239896866,1.0088930413836523
619,0.9147903124491374,1.010274765037355
620,0.9176631655011859,1.0127035691624595
621,0.9195131404059275,1.0118078390757241
622,0.9229483150300526,1.0099855491093226
623,0.9252216446967352,1.009166887828282
624,0.9307174256869725,1.0061134071577162
625,0.9352411996750604,1.009391943613688
626,0.9372326930363972,1.0047251496996197
627,0.9394303276425315,1.0079795122146606
628,0.9382667087373278,1.0042552238418943
629,0.9412995037578399,1.003055365312667
630,0.9468277550878977,1.0059288910457065
631,0.9489486643246241,1.0072157496497744
632,0.9515209169614882,1.0075669175102595
633,0.9559753707477024,1.002924104531606
634,0.957615091687157,1.005833429949624
635,0.9611235658327738,1.0042410776728674
636,0.9611636400222777,1.0012070763678778
637,0.9618540008862813,0.9954152419453575
638,0.9647543941225323,0.995323516073681
639,0.9687607572192236,0.9991334222611926
640,0.9726919985952829,1.0013208729880196
641,0.9788202473095482,1.0018154836836315
642,0.985034848962511,1.0030751086416698
643,0.9903767591431024,1.004434707618895
644,0.9913413013730729,1.0061958545730227
645,0.9919041395187376,1.0147679306211925
646,0.9937958944411504,1.0141567105338687
647,0.9957465415909175,1.0168724003292267
648,0.999106705188751,1.0179743880317325
649,1.0039421234812052,1.0189385130291893
650,1.0012690822283425,1.0176565675508407
651,1.0025971134503682,1.0146255039033436
652,1.003913076150985,1.0096064266704379
653,1.005725636368706,1.0130813746225265
654,1.0061776325816199,1.0144299070040383
655,1.0084026824860344,1.0117966277258736
656,1.0066204014278592,1.0111984979538688
657,1.0111798729215349,1.0119843028840563
658,1.0164637196631658,1.016779513586135
659,1.0185366017477853,1.0162829756736755
660,1.0191018865222023,1.0146369820549375
661,1.018547242596036,1.0107950993946622
662,1.0162734502837771,1.0070936197326297
663,1.0135119131633212,1.0069965038980757
664,1.0153722706295194,1.0061426758766174
665,1.0157229361079987,1.0028630665370395
666,1.0152046992665245,0.9954906049228848
667,1.0152436920574734,0.9931349186670212
668,1.0188859048343841,0.9910443340029035
669,1.017116373493558,0.9938406603676933
670,1.017584502696991,0.9954313295228141
671,1.0205594670204887,0.9994695442063469
672,1.0195973912874856,1.0021891366867792
673,1.0186956865446908,1.006515573887598
674,1.0153319665363858,1.0043804957753137
675,1.0180533897309076,1.002472187791552
676,1.0208021459125338,1.0046852997371127
677,1.0219056265694753,1.006024258477347
678,1.0208220879236856,1.0063417184920538
679,1.0181526740392048,1.005425668898083
680,1.0193338450931366,1.0061116701080683
681,1.0165352140154156,1.0069595405033658
682,1.0186217256954737,1.0091643163136075
683,1.0198908732050942,1.007936696211497
684,1.020864901088533,1.0106817682584126
685,1.0153201506251381,1.0125683631215776
686,1.0153401380493527,1.0145175684066046
687,1.0191074240775335,1.0189546942710876
688,1.021940114952269,1.023516808237348
689,1.0173622511682057,1.0257446822665985
690,1.019309591679346,1.0197287656012035
691,1.016781605425335,1.020649492740631
692,1.0148028731346128,1.0174565457162403
693,1.0127741098403928,1.0179282284918285
694,1.0120658846128554,1.0133147239685059
695,1.0127784893626257,1.0132873569216045
696,1.0089173799469358,1.0141268798283167
697,1.0035188453538075,1.014569220088777
698,1.003277208123888,1.0125465336300077
699,1.0009300510088601,1.0109607662473405
700,0.9985134800275167,1.0120518548148019
701,0.9963477480979192,1.0125863637242998
702,0.9971779925482613,1.01311133872895
703,0.9962192433221,1.0107837063925607
704,0.9943897639002118,1.014318000702631
705,0.9905873366764613,1.0086476774442763
706,0.9924773886090232,1.0042156946091425
707,0.9892552835600716,1.0056828090122767
708,0.982608622028714,1.0037029470716203
709,0.9781175567990258,1.0002391792479013
710,0.9785279205867222,0.9988908029737926
711,0.9743277771132333,1.0031521746090482
712,0.9718411621593294,1.002685771101997
713,0.9700821127210344,1.0033319904690696
714,0.9683398462477184,0.9976864740962074
715,0.9671081588381811,0.9991053058987571
716,0.9644947733197892,0.997129806450435
717,0.962799100648789,0.9960637887318927
718,0.9597076773643494,0.9927378325235274
719,0.9556810855865479,0.989317354701814
720,0.9563765298752557,0.9876299557231719
721,0.9565370792434329,0.9867692476227168
722,0.9550570618538629,0.9896996248336064
723,0.9516094894636243,0.9868401203836713
724,0.9485732231821332,0.9854576360611688
725,0.9470728948002769,0.9855780998865762
726,0.9462972226597013,0.9849901085808163
727,0.9444861043067205,0.9877005843889145
728,0.9446859813871837,0.9843854166212535
729,0.9427342585154942,0.9858677557536533
730,0.9412023425102233,0.985730523154849
731,0.9411933592387607,0.9848130203428722
732,0.9424013722510564,0.9831649292083013
733,0.9437098758561271,0.984081813267299
734,0.9403039954957506,0.9846410722959609
735,0.9377410553750537,0.9885122946330479
736,0.9352307972453888,0.9928758087612333
737,0.9326713510922023,0.9967393279075621
738,0.9294234939983912,0.9991993677048455
739,0.9302591653097242,0.999782003107525
740,0.9312213687669662,1.0062019342467898
741,0.9300524564016432,1.0115541730608257
742,0.9280266250882829,1.0122802541369482
743,0.927384941350846,1.0097974254971458
744,0.9263578795251393,1.0120867292086284
745,0.9243009800002688,1.0160117177736192
746,0.9215626404398963,1.016414560022808
747,0.9212970534960429,1.0231235254378543
748,0.9194443679991221,1.0232685804367063
749,0.9206181594303674,1.0229750814891996
750,0.9204870292118617,1.0234063693455286
751,0.9161314510163806,1.0240349315461659
752,0.9137057122730072,1.0274776560919625
753,0.9090393412680852,1.0309839702787853
754,0.9063389641898018,1.0280353937830242
755,0.9075549840927123,1.0283483720961069
756,0.9083819020362127,1.030976034346081
757,0.9067801066807337,1.0266240551358177
758,0.9083590706189473,1.0234551174300055
759,0.9105588084175472,1.0195863672665186
760,0.9099991747311182,1.0216793276014782
761,0.9102766116460163,1.018027356692723
762,0.9099297807330176,1.0180824654442924
763,0.9084309169224329,1.0167004466056824
764,0.9073455731074014,1.018196063382285
765,0.9081019248281205,1.0219202126775468
766,0.9092597138314019,1.0225109060605366
767,0.9128532750265939,1.0244937141736348
768,0.913358225708916,1.020966146673475
769,0.9102738159043448,1.0201314602579388
770,0.9072752878779455,1.0201152733394077
771,0.9097277039573305,1.0183326573598952
772,0.9145026434035528,1.0188945758910406
773,0.9155263333093552,1.0191455568586076
774,0.92025431564876,1.0167919283821467
775,0.9220228223573594,1.0191652349063327
776,0.922588981333233,1.0197215023494903
777,0.9238221219607761,1.0169591392789568
778,0.9264991425332568,1.017060052780878
779,0.9262183166685559,1.016407495453244
780,0.9272410103252955,1.0218045541218348
781,0.9287743312971932,1.0211038135346913
782,0.930389974798475,1.0218877394994101
783,0.9300374133246284,1.0188839265278409
784,0.9324975240798223,1.0179722734860013
785,0.935827266602289,1.0153127795174008
786,0.9383303721745809,1.0130370401200794
787,0.9392238685062955,1.0107175679433913
788,0.9417397408258348,1.0075803143637518
789,0.9445101562000456,1.0058433271589733
790,0.9524464692388263,1.0030128558476763
791,0.9546667167118618,1.002267587752569
792,0.9548214815911793,1.0027857280912853
793,0.9571729302406311,1.000377058982849
794,0.9584477316765558,0.995967095806485
795,0.9591736679985411,0.9923019267263866
796,0.961989646866208,0.9884717038699558
797,0.9644367127191453,0.986049166747502
798,0.9665640535808746,0.9825121788751511
799,0.9681566726593744,0.9821025076366605
800,0.9729406578200204,0.9815848781948997
801,0.9757435747555323,0.9784346932456607
802,0.9758716736521038,0.9771991201809473
803,0.9771484392029897,0.9768948214394704
804,0.9777023338136218,0.977780018533979
805,0.9777342932564871,0.9801430531910487
806,0.9805045496849786,0.9796334533464341
807,0.9823864897092183,0.977865477403005
808,0.98525941939581,0.9796032025700525
809,0.9828109514145623,0.9788716293516614
810,0.9842315713564553,0.9832207759221395
811,0.9835715889930724,0.9849983340217954
812,0.9873983774866376,0.9860606108392989
813,0.9917186640557788,0.9793967405954995
814,0.9924755181585039,0.9809923115230741
815,0.9959793658483594,0.9822308392751784
816,0.9959594777652194,0.9834689952078319
817,0.9964549626622881,0.9847953035717918
818,1.0012618047850472,0.9847987776710874
819,1.00251780521302,0.9894604711305529
820,1.0048400646164304,0.9905910804158166
821,1.0040932155790783,0.9917201995849609
822,1.0019167917115348,0.9959841569264731
823,1.0047978049232846,0.9959870889073327
824,1.0055001378059387,0.9963980913162231
825,1.0105606487819128,0.993741526490166
826,1.0109715944244748,0.9914178337369646
827,1.0104094317981176,0.9882988475617908
828,1.0101332664489746,0.9876501134463719
829,1.0125055568558827,0.9858646875336056
830,1.0151642702874681,0.9907021749587286
831,1.0167217226255507,0.9889227378936041
832,1.0172572221074785,0.9943693762733822
833,1.01712638707388,0.9948755360784984
834,1.0177205148197355,0.9965734623727344
835,1.01995872599738,0.994825644152505
836,1.021986430599576,0.9962809199378604
837,1.0244456983747936,1.0000590682029724
838,1.0257826135272072,1.002406330335708
839,1.0229510068893433,1.0032994690395536
840,1.0278826469466797,1.0016105685915266
841,1.0315616159212022,1.00093583549772
842,1.0329788980029877,1.0031494214421226
843,1.0370518224579945,0.9991265790803092
844,1.038366348970504,0.9988770598456974
845,1.0427549481391907,1.0006954386120752
846,1.0409729679425557,1.0010216548329307
847,1.0452771442277091,0.9983627171743483
848,1.0445689331917536,1.0038424673534574
849,1.0463553156171526,1.0051182082721164
850,1.0463398411160425,1.0023322587921504
851,1.0470277468363445,0.9979335211572191
852,1.0455507550920757,0.9994756636165436
853,1.0501511778150285,0.9951407455262683
854,1.053409735361735,1.0015491871606736
855,1.0508225077674502,1.0046507574263073
856,1.051166710399446,1.006144847188677
857,1.051115660440354,1.005506152198428
858,1.0497859716415403,1.004362043880281
859,1.050562614486331,1.0038927736736478
860,1.0529789413724624,1.0081882079442341
861,1.0484505267370314,1.0090293884277344
862,1.0476074218749998,1.0111583783513023
863,1.0467636358170282,1.0124607398396446
864,1.0453739109493438,1.0116871141252062
865,1.0457980576015655,1.013793851648058
866,1.0438336417788552,1.0129332968166895
867,1.0462200017202468,1.015699730032966
868,1.0447244076501754,1.0196316384133837
869,1.0457858187811715,1.019615414596739
870,1.0480335780552454,1.0225221344402857
871,1.0452006061871848,1.0261906470571245
872,1.0433494278362818,1.0267227916490465
873,1.0431808375176927,1.0250052014986673
874,1.0379706365721566,1.0289276043574016
875,1.0358306311425707,1.02196109578723
876,1.0366339030719938,1.0242027157828921
877,1.032793859640757,1.0223175202097212
878,1.0312933609599158,1.0206287815457298
879,1.0334672672407967,1.018465973082043
880,1.0325717727343242,1.019651691118876
881,1.0329391303516569,1.0178778795968917
882,1.033877466406141,1.0130484473137629
883,1.0301572283109028,1.0091612339019775
884,1.0319029121171859,1.006561571643466
885,1.0318590998649597,1.0079175801504225
886,1.0309342514900934,1.0051575019246055
887,1.0305049618085227,1.0019328509058272
888,1.027816043013618,1.0023070715722584
889,1.0298446445238023,0.998779262815203
890,1.029238522052765,0.996510590825762
891,1.0278803592636472,0.9934990803400674
892,1.0305523758842834,0.9912831045332409
893,1.0302581332978749,0.9875385846410479
894,1.03034432161422,0.9812685421534948
895,1.0316321793056669,0.9778918368475779
896,1.0331038747514998,0.9777301635060993
897,1.0292427085694813,0.9751759086336409
898,1.0316950253077914,0.9761200916199458
899,1.029482290858314,0.97440733228411
900,1.0264398455619812,0.972926417986552
901,1.0243017559959773,0.9750041734604609
902,1.021487065723964,0.9717227107002622
903,1.0190109298342749,0.9729032459713163
904,1.016992063749404,0.9767365711075918
905,1.0139749333972023,0.9740784679140364
906,1.010893307981037,0.9773846126738049
907,1.0098428073383514,0.9801885826247078
908,1.007917514869145,0.9821152176175798
909,1.0076946758088612,0.9822251910255069
910,1.0034447908401491,0.9835183506920223
911,1.00076333965574,0.9890859070278349
912,0.996471004826682,0.9866653169904436
913,0.994084085736956,0.9874645272890726
914,0.992705538159325,0.987463443052201
915,0.9918424316814969,0.9932709222748165
916,0.9900816480318706,0.9912084369432357
917,0.9869712619554429,0.9904329180717466
918,0.9893402343704586,0.9889926427886597
919,0.986444104285467,0.9897719678424652
920,0.9870456457138059,0.9908174247968763
921,0.9887631251698447,0.9930908538046336
922,0.9872094165711175,0.9902550975481668
923,0.9864170352617899,0.9902355245181492
924,0.9865869170143491,0.9927566931361242
925,0.9864886942363921,0.9915448001452853
926,0.9864927927652994,0.9957773884137471
927,0.9894186456998189,0.9904392106192452
928,0.98821717216855,0.9893981899533953
929,0.988592579251244,0.9882506926854451
930,0.9865957555316743,0.9826021364756994
931,0.987865130106608,0.9828155523254757
932,0.9907873216129484,0.9791759564763023
933,0.9920581068311418,0.9812562266985575
934,0.993918506872086,0.9832165865671065
935,0.9967958671706062,0.9873513976732888
936,0.9951024027097791,0.9895123186565581
937,0.996743721621377,0.9950633786973498
938,0.9951632647287276,0.9983422358830769
939,0.9926913891519817,1.0027409139133634
940,0.991851488749186,1.0025431229954673
941,0.9901995971089316,1.005424808888208
942,0.9848708964529489,1.006996929645538
943,0.9832513445899599,1.009010471048809
944,0.9829074797176178,1.0123459696769714
945,0.9845921312059674,1.012807159196763
946,0.9861934525626047,1.01298755691165
947,0.9863740432830085,1.0120623792920793
948,0.9845216274261476,1.0138007090205237
949,0.9856643932206292,1.014861586548033
950,0.9862315001941864,1.0163375650133406
951,0.9871140746843249,1.0205676782698858
952,0.986806957494645,1.019106606642405
953,0.986358316171737,1.0191752938997176
954,0.9869526170548938,1.019714715934935
955,0.9878411179497126,1.0200680352392648
956,0.9853600320361909,1.0220057481811158
957,0.9889459070705232,1.024215769200098
958,0.986356828893934,1.01782564889817
959,0.9885206619898478,1.0135664599282401
960,0.9913494984308878,1.0111757743926273
961,0.9935401961916969,1.0097855925559995
962,0.9945468732288905,1.0132436610403515
963,1.0002254134132746,1.0117719996543157
964,1.005386690298716,1.0095125067801702
965,1.005484430562882,1.009265817347027
966,1.0065184235572813,1.0130146543184915
967,1.0082929673649015,1.0127885710625422
968,1.0093009386743819,1.012898720446087
969,1.0115074799174355,1.0150383285113742
970,1.0129025124368214,1.0156392682166326
971,1.0119839424178714,1.0136427652268183
972,1.0133375156493414,1.008359900542668
973,1.0149220398494174,1.010042491413298
974,1.0167860190073648,1.0076901941072374
975,1.0196679319654192,1.0037678139550343
976,1.0169523102896554,0.9992756048838297
977,1.021491147222973,0.9929284822373162
978,1.020209721156529,0.9884196661767506
979,1.024010942095802,0.9886240334737869
980,1.0282112019402638,0.9894246402240935
981,1.0303377111752827,0.9921385532333737
982,1.0300908684730528,0.9946265504473731
983,1.0326843545550393,0.9895783889861334
984,1.0323566198349,0.988609614826384
985,1.033351903869992,0.9900625887371243
986,1.0362630458105175,0.9893446365992226
987,1.035963103884742,0.9866710844494045
988,1.0358056057067144,0.9857923558780124
989,1.03598415851593,0.9838877802803403
990,1.034976556187584,0.9819112164633613
991,1.0335843506313505,0.9797183218456449
992,1.0375423828760781,0.9855598523503258
993,1.0398908967063538,0.9891957981245858
994,1.0401242687588645,0.9898419153122674
995,1.039686498187837,0.9864347321646554
996,1.041495964640663,0.9888519673120408
997,1.0434904041744415,0.9930019208363126
998,1.0419496241069974,0.9966849940163749
999,1.0424291236060006,0.9977929052852449
